{
  "thresholds": {
    "down_blocks.0": 0.6837158203125,
    "down_blocks.1": 1.283447265625,
    "down_blocks.2": 2.94091796875,
    "down_blocks.3": 3.935546875,
    "mid_block": 6.5302734375,
    "up_blocks.0": 3.869140625,
    "up_blocks.1": 24.55859375,
    "up_blocks.2": 3.74609375,
    "up_blocks.3": 2.0732421875
  },
  "skip_analysis": {},
  "disabled_blocks": [],
  "global": {
    "overall_skip_rate": 0.2497732426303855,
    "estimated_speedup": 1.3329303309656944
  },
  "config": {
    "target_skip_rate": 0.25,
    "quality_floor": 0.95,
    "num_profiles": 20
  },
  "skip_analysis_full": {
    "down_blocks.0": {
      "threshold": 0.6837158203125,
      "overall_skip_rate": 0.25,
      "per_step_skip_rate": [
        1.0,
        1.0,
        1.0,
        1.0,
        1.0,
        1.0,
        1.0,
        1.0,
        1.0,
        0.95,
        0.85,
        0.65,
        0.45,
        0.25,
        0.05,
        0.05,
        0.0,
        0.0,
        0.0,
        0.0,
        0.0,
        0.0,
        0.0,
        0.0,
        0.0,
        0.0,
        0.0,
        0.0,
        0.0,
        0.0,
        0.0,
        0.0,
        0.0,
        0.0,
        0.0,
        0.0,
        0.0,
        0.0,
        0.0,
        0.0,
        0.0,
        0.0,
        0.0,
        0.0,
        0.0,
        0.0,
        0.0,
        0.0,
        0.0
      ],
      "variance_mean": 0.9730578364158163,
      "variance_std": 0.3599046134012967
    },
    "down_blocks.1": {
      "threshold": 1.283447265625,
      "overall_skip_rate": 0.25,
      "per_step_skip_rate": [
        1.0,
        1.0,
        1.0,
        1.0,
        1.0,
        1.0,
        0.95,
        0.95,
        0.9,
        0.85,
        0.8,
        0.55,
        0.45,
        0.4,
        0.25,
        0.05,
        0.05,
        0.05,
        0.0,
        0.0,
        0.0,
        0.0,
        0.0,
        0.0,
        0.0,
        0.0,
        0.0,
        0.0,
        0.0,
        0.0,
        0.0,
        0.0,
        0.0,
        0.0,
        0.0,
        0.0,
        0.0,
        0.0,
        0.0,
        0.0,
        0.0,
        0.0,
        0.0,
        0.0,
        0.0,
        0.0,
        0.0,
        0.0,
        0.0
      ],
      "variance_mean": 1.9518380301339286,
      "variance_std": 0.7991293282180647
    },
    "down_blocks.2": {
      "threshold": 2.94091796875,
      "overall_skip_rate": 0.25,
      "per_step_skip_rate": [
        1.0,
        1.0,
        1.0,
        0.9,
        0.8,
        0.8,
        0.75,
        0.7,
        0.7,
        0.65,
        0.65,
        0.6,
        0.4,
        0.3,
        0.25,
        0.25,
        0.25,
        0.25,
        0.2,
        0.15,
        0.1,
        0.1,
        0.1,
        0.1,
        0.05,
        0.05,
        0.05,
        0.05,
        0.05,
        0.0,
        0.0,
        0.0,
        0.0,
        0.0,
        0.0,
        0.0,
        0.0,
        0.0,
        0.0,
        0.0,
        0.0,
        0.0,
        0.0,
        0.0,
        0.0,
        0.0,
        0.0,
        0.0,
        0.0
      ],
      "variance_mean": 3.6948760363520408,
      "variance_std": 0.9605586044015264
    },
    "down_blocks.3": {
      "threshold": 3.935546875,
      "overall_skip_rate": 0.24897959183673468,
      "per_step_skip_rate": [
        1.0,
        1.0,
        0.95,
        0.95,
        0.85,
        0.75,
        0.7,
        0.65,
        0.65,
        0.6,
        0.6,
        0.45,
        0.35,
        0.3,
        0.3,
        0.25,
        0.25,
        0.2,
        0.2,
        0.2,
        0.2,
        0.15,
        0.1,
        0.1,
        0.1,
        0.1,
        0.05,
        0.05,
        0.05,
        0.05,
        0.05,
        0.0,
        0.0,
        0.0,
        0.0,
        0.0,
        0.0,
        0.0,
        0.0,
        0.0,
        0.0,
        0.0,
        0.0,
        0.0,
        0.0,
        0.0,
        0.0,
        0.0,
        0.0
      ],
      "variance_mean": 4.490664859693878,
      "variance_std": 0.8490003580655713
    },
    "mid_block": {
      "threshold": 6.5302734375,
      "overall_skip_rate": 0.25,
      "per_step_skip_rate": [
        1.0,
        1.0,
        0.95,
        0.9,
        0.85,
        0.85,
        0.8,
        0.7,
        0.6,
        0.5,
        0.4,
        0.3,
        0.25,
        0.2,
        0.2,
        0.2,
        0.1,
        0.1,
        0.1,
        0.1,
        0.1,
        0.1,
        0.1,
        0.1,
        0.1,
        0.05,
        0.05,
        0.05,
        0.05,
        0.05,
        0.05,
        0.05,
        0.05,
        0.05,
        0.05,
        0.05,
        0.05,
        0.05,
        0.05,
        0.05,
        0.1,
        0.1,
        0.1,
        0.1,
        0.1,
        0.1,
        0.1,
        0.1,
        0.1
      ],
      "variance_mean": 7.962420280612245,
      "variance_std": 1.850233782161378
    },
    "up_blocks.0": {
      "threshold": 3.869140625,
      "overall_skip_rate": 0.24897959183673468,
      "per_step_skip_rate": [
        1.0,
        0.95,
        0.9,
        0.7,
        0.7,
        0.65,
        0.5,
        0.35,
        0.25,
        0.15,
        0.2,
        0.2,
        0.2,
        0.2,
        0.2,
        0.2,
        0.15,
        0.15,
        0.15,
        0.15,
        0.15,
        0.1,
        0.1,
        0.1,
        0.1,
        0.15,
        0.15,
        0.1,
        0.1,
        0.1,
        0.1,
        0.1,
        0.1,
        0.1,
        0.1,
        0.1,
        0.1,
        0.1,
        0.1,
        0.1,
        0.15,
        0.15,
        0.15,
        0.2,
        0.2,
        0.2,
        0.2,
        0.35,
        0.5
      ],
      "variance_mean": 4.372712053571429,
      "variance_std": 0.6839514404480218
    },
    "up_blocks.1": {
      "threshold": 24.55859375,
      "overall_skip_rate": 0.25,
      "per_step_skip_rate": [
        1.0,
        0.9,
        0.9,
        0.8,
        0.7,
        0.65,
        0.6,
        0.5,
        0.35,
        0.25,
        0.1,
        0.1,
        0.05,
        0.05,
        0.1,
        0.05,
        0.05,
        0.05,
        0.1,
        0.05,
        0.05,
        0.05,
        0.05,
        0.05,
        0.05,
        0.0,
        0.05,
        0.05,
        0.05,
        0.05,
        0.05,
        0.05,
        0.1,
        0.1,
        0.1,
        0.1,
        0.1,
        0.1,
        0.1,
        0.15,
        0.15,
        0.2,
        0.25,
        0.3,
        0.3,
        0.4,
        0.5,
        0.6,
        0.8
      ],
      "variance_mean": 28.691772959183673,
      "variance_std": 5.68972489014409
    },
    "up_blocks.2": {
      "threshold": 3.74609375,
      "overall_skip_rate": 0.25,
      "per_step_skip_rate": [
        1.0,
        1.0,
        1.0,
        1.0,
        1.0,
        1.0,
        1.0,
        0.95,
        0.8,
        0.7,
        0.6,
        0.55,
        0.45,
        0.35,
        0.2,
        0.1,
        0.1,
        0.05,
        0.05,
        0.05,
        0.05,
        0.05,
        0.05,
        0.05,
        0.05,
        0.05,
        0.0,
        0.0,
        0.0,
        0.0,
        0.0,
        0.0,
        0.0,
        0.0,
        0.0,
        0.0,
        0.0,
        0.0,
        0.0,
        0.0,
        0.0,
        0.0,
        0.0,
        0.0,
        0.0,
        0.0,
        0.0,
        0.0,
        0.0
      ],
      "variance_mean": 5.086922034438776,
      "variance_std": 1.6764250920556683
    },
    "up_blocks.3": {
      "threshold": 2.0732421875,
      "overall_skip_rate": 0.25,