{
  "thresholds": {
    "down_blocks.0": 0.6837158203125,
    "down_blocks.1": 1.283447265625,
    "down_blocks.2": 2.94091796875,
    "down_blocks.3": 3.935546875,
    "mid_block": 6.5302734375,
    "up_blocks.0": 3.869140625,
    "up_blocks.1": 24.55859375,
    "up_blocks.2": 3.74609375,
    "up_blocks.3": 2.0732421875
  },
  "skip_analysis": {},
  "disabled_blocks": [],
  "global": {
    "overall_skip_rate": 0.2497732426303855,
    "estimated_speedup": 1.3329303309656944
  },
  "config": {
    "target_skip_rate": 0.25,
    "quality_floor": 0.95,
    "num_profiles": 20
  }
}